{"cameraMode":{"drawMode":0,"name":"Shaded","section":"Shading Mode"},"sceneLighting":true,"audioPlay":false,"sceneViewState":{"showFog":true,"showMaterialUpdate":false,"showSkybox":true,"showFlares":true,"showImageEffects":true,"showParticleSystems":true},"in2DMode":false,"pivot":{"x":-0.7318795919418335,"y":-3.435312271118164,"z":51.92438507080078},"rotation":{"x":-0.10787053406238556,"y":0.35605502128601076,"z":-0.04143834114074707,"w":-0.9273426532745361},"size":13.650934219360352,"orthographic":false}